{
    "uvs": [[0.5250159502029419, 0.011032968759536743, 0.9949302673339844, 0.011032968759536743, 0.002698063850402832, 0.5122247338294983, 0.5419341921806335, 0.4936690926551819, 0.5250159502029419, 0.4936691224575043, 0.9973018169403076, 0.9948610067367554, 0.520953357219696, 0.17836028337478638, 0.00721973180770874, 0.011032938957214355, 0.520953357219696, 0.40074634552001953, 0.7433393001556396, 0.40074634552001953, 0.9987402558326721, 0.011032968759536743, 0.9987402558326721, 0.4936690926551819, 0.007219642400741577, 0.011032968759536743, 0.007219642400741577, 0.4936690926551819, 0.9973018169403076, 0.5122247338294983, 0.007219642400741577, 0.4936690628528595, 0.5228251814842224, 0.4936690926551819, 0.002698063850402832, 0.9948610067367554, 0.5419341921806335, 0.011032968759536743, 0.9949302673339844, 0.4936690926551819, 0.5228251814842224, 0.011032968759536743, 0.5250159502029419, 0.4936690926551819, 0.7433393001556396, 0.17836028337478638, 0.5250159502029419, 0.011033058166503906]], 
    "animations": [{
        "hierarchy": [], 
        "length": 4.958333333333333, 
        "name": "skeletalAction.001", 
        "fps": 1
    }], 
    "faces": [41, 0, 1, 3, 2, 20, 1, 19, 16, 0, 1, 2, 3, 41, 2, 3, 5, 4, 2, 14, 5, 17, 4, 5, 6, 7, 41, 4, 5, 7, 6, 4, 15, 7, 23, 8, 9, 10, 11, 41, 6, 7, 1, 0, 6, 22, 9, 8, 12, 13, 14, 15, 41, 1, 7, 5, 3, 18, 10, 11, 3, 16, 17, 18, 19, 41, 6, 0, 2, 4, 12, 0, 21, 13, 20, 21, 22, 23], 
    "vertices": [-0.5, -0.99999999, 0.5, 0.5, -0.99999999, 0.5, -0.5, 1e-08, 0.5, 0.5, 1e-08, 0.5, -0.5, 1e-08, -0.5, 0.5, 1e-08, -0.5, -0.5, -0.99999999, -0.5, 0.5, -0.99999999, -0.5], 
    "materials": [{
        "opacity": 0.0, 
        "mapDiffuseRepeat": [1, 1], 
        "depthTest": true, 
        "colorDiffuse": [0.5, 0.5, 0.5], 
        "mapDiffuseWrap": ["repeat", "repeat"], 
        "blending": "NormalBlending", 
        "mapDiffuseAnisotropy": 4, 
        "shading": "Blinn", 
        "transparent": true, 
        "depthWrite": true, 
        "DbgName": "blinn1", 
        "vertexColors": false, 
        "mapDiffuse": "tile-grass.png"
    }], 
    "skinWeights": [0, 0, 0, 0, 0, 0, 0, 0, 0, 0, 0, 0, 0, 0, 0, 0, 0, 0, 0, 0, 0, 0, 0, 0, 0, 0, 0, 0, 0, 0, 0, 0], 
    "normals": [0.0, 0.0, 1.0, 0.0, 0.0, 1.0, 0.0, 0.0, 1.0, 0.0, 0.0, 1.0, 0.0, 1.0, 0.0, 0.0, 1.0, 0.0, 0.0, 1.0, 0.0, 0.0, 1.0, 0.0, 0.0, 0.0, -1.0, 0.0, 0.0, -1.0, 0.0, 0.0, -1.0, 0.0, 0.0, -1.0, 0.0, -1.0, 0.0, 0.0, -1.0, 0.0, 0.0, -1.0, 0.0, 0.0, -1.0, 0.0, 1.0, 0.0, 0.0, 1.0, 0.0, 0.0, 1.0, 0.0, 0.0, 1.0, 0.0, 0.0, -1.0, 0.0, 0.0, -1.0, 0.0, 0.0, -1.0, 0.0, 0.0, -1.0, 0.0, 0.0], 
    "bones": [], 
    "skinIndices": [0, 0, 0, 0, 0, 0, 0, 0, 0, 0, 0, 0, 0, 0, 0, 0, 0, 0, 0, 0, 0, 0, 0, 0, 0, 0, 0, 0, 0, 0, 0, 0], 
    "influencesPerVertex": 4, 
    "metadata": {
        "formatVersion": 3.1, 
        "generatedBy": "Maya Exporter"
    }
}